Date,Open,High,Low,Close,Close_Dolar
2022-01-13,105686.0,106251.0,104974.0,105530.0,5.533199787139893
2022-01-14,105530.0,107062.0,105028.0,106928.0,5.526700019836426
2022-01-17,106927.0,106928.0,106097.0,106692.0,5.533299922943115
2022-01-18,106369.0,107013.0,105786.0,106522.0,5.5157999992370605
2022-01-19,106670.0,108602.0,106669.0,108013.0,5.565700054168701
2022-01-20,108015.0,109873.0,108015.0,109102.0,5.43720006942749
2022-01-21,109097.0,109786.0,108368.0,108942.0,5.418099880218506
2022-01-24,108941.0,108948.0,106624.0,107752.0,5.457099914550781
2022-01-25,107935.0,110115.0,107185.0,109845.0,5.486100196838379
2022-01-26,110207.0,112695.0,110204.0,111573.0,5.440703868865967
2022-01-27,111303.0,113057.0,111303.0,112315.0,5.429166793823242
2022-01-28,112611.0,112969.0,111407.0,111478.0,5.40348482131958
2022-01-31,111910.0,112495.0,111195.0,112388.0,5.362599849700928
2022-02-01,112143.0,113302.0,112135.0,113147.0,5.303100109100342
2022-02-02,113228.0,113666.0,111645.0,112161.0,5.264500141143799
2022-02-03,111897.0,112502.0,111225.0,111696.0,5.260900020599365
2022-02-04,111696.0,112415.0,110321.0,112245.0,5.282899856567383
2022-02-07,112247.0,112517.0,111490.0,111996.0,5.326900005340576
2022-02-08,111995.0,112251.0,110943.0,112234.0,5.262599945068359
2022-02-09,112233.0,113163.0,111710.0,112461.0,5.258399963378906
2022-02-10,112462.0,113812.0,112163.0,113359.0,5.234499931335449
2022-02-11,113368.0,114899.0,113128.0,113572.0,5.248700141906738
2022-02-14,113643.0,114167.0,113358.0,113807.0,5.249956130981445
2022-02-15,113905.0,114819.0,113882.0,114660.0,5.214000225067139
2022-02-16,114830.0,115734.0,114816.0,115181.0,5.157899856567383
2022-02-17,115181.0,115214.0,113389.0,113528.0,5.135799884796143
2022-02-18,113534.0,114213.0,112701.0,112768.0,5.170599937438965
2022-02-21,112880.0,113405.0,111608.0,111725.0,5.137499809265137
2022-02-22,111727.0,113315.0,111727.0,112892.0,5.102700233459473
2022-02-23,112892.0,113721.0,111748.0,112008.0,5.05709981918335
2022-02-24,112001.0,112001.0,109125.0,111592.0,5.008699893951416
2022-02-25,111591.0,113142.0,110673.0,113142.0,5.122200012207031
2022-03-02,113143.0,115429.0,113143.0,115174.0,5.158999919891357
2022-03-03,115173.0,115948.0,115010.0,115166.0,5.096502780914307
2022-03-04,115166.0,115166.0,113389.0,114474.0,5.030900001525879
2022-03-07,114469.0,114529.0,111140.0,111593.0,5.06056022644043
2022-03-08,111594.0,112390.0,110969.0,111203.0,5.110499858856201
2022-03-09,111210.0,114051.0,111207.0,113900.0,5.058800220489502
2022-03-10,113900.0,113939.0,111889.0,113663.0,5.011499881744385
2022-03-11,113664.0,114627.0,111332.0,111713.0,5.009699821472168
2022-03-14,111716.0,112299.0,109717.0,109928.0,5.073500156402588
2022-03-15,109925.0,109925.0,107781.0,108959.0,5.121399879455566
2022-03-16,108958.0,111183.0,108958.0,111112.0,5.1631999015808105
2022-03-17,111113.0,113088.0,111070.0,113076.0,5.0738749504089355
2022-03-18,113076.0,115311.0,112475.0,115311.0,5.039400100708008
2022-03-21,115307.0,116360.0,115208.0,116155.0,5.0177998542785645
2022-03-22,116157.0,117541.0,116157.0,117272.0,4.935200214385986
2022-03-23,117270.0,118270.0,117036.0,117457.0,4.909999847412109
2022-03-24,117460.0,119256.0,117151.0,119053.0,4.82420015335083
2022-03-25,119062.0,119729.0,118548.0,119081.0,4.826300144195557
2022-03-28,119082.0,119444.0,118061.0,118738.0,4.7368998527526855
2022-03-29,118740.0,120900.0,118740.0,120014.0,4.764100074768066
2022-03-30,120013.0,120531.0,119775.0,120260.0,4.756199836730957
2022-03-31,120261.0,120880.0,119999.0,119999.0,4.769700050354004
2022-04-01,120001.0,121579.0,120001.0,121570.0,4.737800121307373
2022-04-04,121569.0,121570.0,120754.0,121280.0,4.657199859619141
2022-04-05,121279.0,121628.0,118794.0,118885.0,4.593800067901611
2022-04-06,118885.0,118885.0,116791.0,118228.0,4.650700092315674
2022-04-07,118226.0,119247.0,117509.0,118862.0,4.715199947357178
2022-04-08,118861.0,118868.0,117487.0,118322.0,4.752099990844727
2022-04-11,118320.0,118320.0,116953.0,116953.0,4.6981000900268555
2022-04-12,116963.0,118615.0,116054.0,116147.0,4.693600177764893
2022-04-13,116150.0,117329.0,116150.0,116782.0,4.673099994659424
2022-04-14,116781.0,116781.0,115624.0,116182.0,4.690199851989746
2022-04-18,116182.0,116191.0,115177.0,115687.0,4.7006001472473145
2022-04-19,115687.0,115687.0,114277.0,115057.0,4.6519999504089355
2022-04-20,115057.0,115057.0,113945.0,114344.0,4.664999961853027
2022-04-22,114343.0,114343.0,110591.0,111078.0,4.620800018310547
2022-04-25,111077.0,111155.0,109222.0,110685.0,4.795199871063232
2022-04-26,110684.0,110685.0,107978.0,108213.0,4.876200199127197
2022-04-27,108214.0,110107.0,108214.0,109349.0,4.997799873352051
2022-04-28,109349.0,110702.0,108905.0,109919.0,4.963600158691406
2022-04-29,109922.0,111819.0,107876.0,107876.0,4.93779993057251
2022-05-02,107876.0,107884.0,105218.0,106639.0,4.97130012512207
2022-05-03,106640.0,107127.0,106033.0,106528.0,5.084700107574463
2022-05-04,106529.0,108382.0,104933.0,108344.0,4.958099842071533
2022-05-05,108337.0,108337.0,103923.0,105304.0,4.918799877166748
2022-05-06,105303.0,106268.0,103984.0,105135.0,5.0279998779296875
2022-05-09,105109.0,105109.0,102768.0,103250.0,5.080399990081787
2022-05-10,103251.0,104286.0,102386.0,103110.0,5.160900115966797
2022-05-11,103110.0,105374.0,103008.0,104397.0,5.13129997253418
2022-05-12,104395.0,105708.0,103579.0,105688.0,5.134252071380615
2022-05-13,105691.0,107773.0,105691.0,106924.0,5.133399963378906
2022-05-16,108685.0,108685.0,108199.0,108233.0,5.058300018310547
2022-05-17,108246.0,109774.0,108245.0,108789.0,5.059700012207031
2022-05-18,107903.0,108096.0,106038.0,106247.0,4.9380998611450195
2022-05-19,106249.0,107420.0,105760.0,107005.0,4.96750020980835
2022-05-20,108520.0,108795.0,107351.0,108488.0,4.929999828338623
2022-05-23,108500.0,110680.0,108500.0,110346.0,4.880199909210205
2022-05-24,110340.0,110635.0,108399.0,110581.0,4.813499927520752
2022-05-25,110085.0,111006.0,109699.0,110580.0,4.817800045013428
2022-05-26,110577.0,112102.0,110388.0,111890.0,4.822800159454346
2022-05-27,111890.0,112441.0,111558.0,111942.0,4.768199920654297
2022-05-30,111944.0,112690.0,110655.0,111032.0,4.729599952697754
2022-05-31,111036.0,111903.0,110685.0,111351.0,4.752399921417236
2022-06-01,111351.0,111931.0,110822.0,111360.0,4.730400085449219
2022-06-02,111363.0,112709.0,111218.0,112393.0,4.815499782562256
2022-06-03,112392.0,112392.0,110935.0,111102.0,4.7957000732421875
2022-06-06,111102.0,111935.0,110015.0,110186.0,4.775000095367432
2022-06-07,110185.0,110435.0,109394.0,110070.0,4.7941999435424805
2022-06-08,110067.0,110142.0,108045.0,108368.0,4.867526054382324
2022-06-09,108367.0,108510.0,107068.0,107094.0,4.898099899291992
2022-06-10,107091.0,107092.0,104648.0,105481.0,4.903299808502197
2022-06-13,105476.0,105478.0,101700.0,102598.0,4.984000205993652
2022-06-14,102598.0,103328.0,101325.0,102063.0,5.113399982452393
2022-06-15,102068.0,103952.0,102046.0,102807.0,5.116099834442139
2022-06-17,102800.0,102801.0,98402.0,99825.0,5.052199840545654
2022-06-20,99824.0,100481.0,98409.0,99853.0,5.152100086212158
2022-06-21,99854.0,101069.0,99167.0,99685.0,5.18720006942749
2022-06-22,99678.0,100374.0,98050.0,99522.0,5.122799873352051
2022-06-23,99523.0,100232.0,97775.0,98080.0,5.193600177764893
2022-06-24,98081.0,99313.0,98031.0,98672.0,5.23799991607666
2022-06-27,98673.0,101106.0,98672.0,100764.0,5.241399765014648
2022-06-28,100766.0,102237.0,99956.0,100591.0,5.236800193786621
2022-06-29,100592.0,101313.0,99218.0,99622.0,5.266600131988525
2022-06-30,99619.0,99619.0,97758.0,98542.0,5.1809000968933105
2022-07-01,98542.0,99340.0,97231.0,98954.0,5.251999855041504
2022-07-04,98952.0,99353.0,98264.0,98609.0,5.330999851226807
2022-07-05,98608.0,98608.0,96499.0,98295.0,5.3282999992370605
2022-07-06,98294.0,99141.0,97423.0,98719.0,5.385200023651123
2022-07-07,98722.0,101420.0,98722.0,100730.0,5.427999973297119
2022-07-08,100732.0,101577.0,99958.0,100289.0,5.338200092315674
2022-07-11,100282.0,100282.0,97854.0,98212.0,5.254000186920166
2022-07-12,98212.0,98737.0,97253.0,98271.0,5.377200126647949
2022-07-13,98258.0,98928.0,97403.0,97881.0,5.436500072479248
2022-07-14,97879.0,97879.0,95431.0,96121.0,5.390900135040283
2022-07-15,96119.0,96971.0,95267.0,96551.0,5.422800064086914
2022-07-18,96553.0,98291.0,96553.0,96916.0,5.410099983215332
2022-07-19,96920.0,98346.0,96917.0,98245.0,5.436800003051758
2022-07-20,98244.0,98366.0,97277.0,98287.0,5.413099765777588
2022-07-21,98286.0,99057.0,97088.0,99033.0,5.470200061798096
2022-07-22,99034.0,99724.0,98321.0,98925.0,5.497799873352051
2022-07-25,98926.0,100508.0,98925.0,100270.0,5.496699810028076
2022-07-26,100270.0,100753.0,99365.0,99772.0,5.356299877166748
2022-07-27,99773.0,101471.0,99772.0,101438.0,5.350100040435791
2022-07-28,101437.0,102686.0,101045.0,102597.0,5.243000030517578
2022-07-29,102597.0,103989.0,102514.0,103165.0,5.182700157165527
2022-08-01,103165.0,103317.0,101764.0,102225.0,5.171199798583984
2022-08-02,102225.0,103660.0,101694.0,103362.0,5.184000015258789
2022-08-03,103362.0,103878.0,102822.0,103775.0,5.277699947357178
2022-08-04,103777.0,106162.0,103777.0,105892.0,5.282700061798096
2022-08-05,105893.0,107176.0,105518.0,106472.0,5.211100101470947
2022-08-08,106473.0,108489.0,106473.0,108402.0,5.164599895477295
2022-08-09,108403.0,109331.0,107842.0,108651.0,5.110099792480469
2022-08-10,108658.0,110362.0,108657.0,110236.0,5.123700141906738
2022-08-11,110236.0,111310.0,109604.0,109718.0,5.093699932098389
2022-08-12,109718.0,112764.0,109718.0,112764.0,5.1570000648498535
2022-08-15,112767.0,113214.0,111067.0,113032.0,5.074900150299072
2022-08-16,113034.0,113626.0,112690.0,113512.0,5.095600128173828
2022-08-17,113508.0,114146.0,112483.0,113708.0,5.1417388916015625
2022-08-18,113708.0,114375.0,113304.0,113813.0,5.164999961853027
2022-08-19,113807.0,113807.0,111146.0,111496.0,5.166999816894531
2022-08-22,111487.0,111487.0,109858.0,110501.0,5.168399810791016
2022-08-23,110504.0,112965.0,110503.0,112857.0,5.156099796295166
2022-08-24,112856.0,113888.0,112632.0,112898.0,5.103499889373779
2022-08-25,112898.0,114156.0,112768.0,113532.0,5.110099792480469
2022-08-26,113533.0,114091.0,111978.0,112299.0,5.108699798583984
2022-08-29,112296.0,113222.0,111689.0,112323.0,5.0625
2022-08-30,112323.0,112869.0,110103.0,110431.0,5.027200222015381
2022-08-31,110431.0,111364.0,109523.0,109523.0,5.1219000816345215
2022-09-01,109524.0,110405.0,108217.0,110405.0,5.181700229644775
2022-09-02,110409.0,112264.0,110409.0,110864.0,5.2403998374938965
2022-09-05,110868.0,112671.0,110865.0,112203.0,5.171000003814697
2022-09-06,112203.0,112203.0,109348.0,109764.0,5.153900146484375
2022-09-08,109771.0,110768.0,108619.0,109916.0,5.246699810028076
2022-09-09,109922.0,112540.0,109922.0,112300.0,5.2133002281188965
2022-09-12,112307.0,114160.0,112305.0,113407.0,5.146299839019775
2022-09-13,113398.0,113400.0,110522.0,110794.0,5.0920000076293945
2022-09-14,110794.0,111504.0,110118.0,110547.0,5.189799785614014
2022-09-15,110547.0,111100.0,109524.0,109954.0,5.162700176239014
2022-09-16,109951.0,109952.0,108489.0,109280.0,5.246099948883057
2022-09-19,109283.0,111976.0,108508.0,111824.0,5.250699996948242
2022-09-20,111824.0,112544.0,111393.0,112517.0,5.170899868011475
2022-09-21,112517.0,113294.0,111380.0,111936.0,5.141499996185303
2022-09-22,111942.0,114392.0,111819.0,114070.0,5.170400142669678
2022-09-23,112258.0,112457.0,110732.0,111716.0,5.115499973297119
2022-09-26,111713.0,111713.0,109022.0,109114.0,5.258800029754639
2022-09-27,109122.0,110161.0,108120.0,108376.0,5.389400005340576
2022-09-28,108377.0,108970.0,107914.0,108451.0,5.3780999183654785
2022-09-29,108449.0,108449.0,106244.0,107664.0,5.374199867248535
2022-09-30,107664.0,110502.0,107315.0,110037.0,5.396200180053711
2022-10-03,110048.0,116134.0,110048.0,116134.0,5.414299964904785
2022-10-04,116704.0,118280.0,115837.0,116230.0,5.16349983215332
2022-10-05,116231.0,117514.0,115906.0,117198.0,5.17579984664917
2022-10-06,117200.0,118382.0,117144.0,117561.0,5.195199966430664
2022-10-07,117560.0,117960.0,115924.0,116375.0,5.220099925994873
2022-10-10,116377.0,116841.0,115261.0,115941.0,5.198400020599365
2022-10-11,115928.0,115928.0,114297.0,114827.0,5.186800003051758
2022-10-13,114819.0,115367.0,112690.0,114300.0,5.291500091552734
2022-10-14,114301.0,114712.0,111631.0,112072.0,5.259799957275391
2022-10-17,112107.0,114406.0,112090.0,113624.0,5.327400207519531
2022-10-18,113627.0,115795.0,113627.0,115743.0,5.2773590087890625
2022-10-19,115744.0,116459.0,115264.0,116274.0,5.239799976348877
2022-10-20,116276.0,117367.0,116276.0,117171.0,5.269199848175049
2022-10-21,117170.0,120752.0,116736.0,119929.0,5.216599941253662
2022-10-24,119922.0,119924.0,115793.0,116013.0,5.163400173187256
2022-10-25,116016.0,116203.0,114626.0,114626.0,5.30620002746582
2022-10-26,114626.0,114626.0,112577.0,112764.0,5.315199851989746
2022-10-27,112766.0,116236.0,112765.0,114641.0,5.383900165557861
2022-10-28,114636.0,114712.0,113336.0,114539.0,5.339200019836426
2022-10-31,114533.0,116763.0,112113.0,116037.0,5.28849983215332
2022-11-01,116037.0,118261.0,115547.0,116929.0,5.178800106048584
2022-11-03,116927.0,117373.0,114485.0,116896.0,5.142600059509277
2022-11-04,116907.0,120039.0,116904.0,118155.0,5.1149001121521
2022-11-07,118148.0,118240.0,115266.0,115342.0,5.078132152557373
2022-11-08,115340.0,117072.0,114688.0,116160.0,5.153326988220215
2022-11-09,116153.0,116183.0,113110.0,113580.0,5.14300012588501
2022-11-10,113579.0,113579.0,108516.0,109775.0,5.185200214385986
2022-11-11,109775.0,113010.0,109408.0,112253.0,5.341579914093018
2022-11-14,112256.0,114322.0,111930.0,113161.0,5.279058933258057
2022-11-16,113166.0,113473.0,109512.0,110243.0,5.331699848175049
2022-11-17,110241.0,110242.0,107245.0,109703.0,5.39900016784668
2022-11-18,109706.0,111585.0,108512.0,108880.0,5.422100067138672
2022-11-21,108868.0,110235.0,107957.0,109748.0,5.38129997253418
2022-11-22,109750.0,110224.0,107867.0,109037.0,5.318600177764893
2022-11-23,109036.0,109285.0,107902.0,108683.0,5.357699871063232
2022-11-24,108846.0,112612.0,108846.0,111831.0,5.35830020904541
2022-11-25,111831.0,112025.0,108552.0,108977.0,5.320000171661377
2022-11-28,108977.0,109476.0,108378.0,108782.0,5.4085001945495605
2022-11-29,108784.0,112187.0,108784.0,110910.0,5.364699840545654
2022-11-30,110910.0,112486.0,110202.0,112486.0,5.268199920654297
2022-12-01,112479.0,112479.0,110548.0,110926.0,5.181589126586914
2022-12-02,110926.0,113761.0,109963.0,111924.0,5.183599948883057
2022-12-05,111922.0,112150.0,109270.0,109401.0,5.2179999351501465
2022-12-06,109403.0,110663.0,109217.0,109533.0,5.28000020980835
2022-12-07,110188.0,110247.0,108612.0,109361.0,5.234000205993652
2022-12-08,109068.0,109286.0,106906.0,107245.0,5.203999996185303
2022-12-09,107250.0,108566.0,107089.0,107689.0,5.224299907684326
2022-12-12,107518.0,107561.0,103877.0,105264.0,5.235000133514404
2022-12-13,105345.0,106689.0,103409.0,103892.0,5.321300029754639
2022-12-14,103536.0,104516.0,101632.0,103803.0,5.292799949645996
2022-12-15,103739.0,105483.0,103014.0,103738.0,5.277200222015381
2022-12-16,103737.0,104018.0,102248.0,102825.0,5.311800003051758
2022-12-19,102859.0,105107.0,102770.0,104530.0,5.306509017944336
2022-12-20,104740.0,107792.0,104607.0,106979.0,5.291600227355957
2022-12-21,106866.0,107991.0,106066.0,107313.0,5.198400020599365
2022-12-22,107436.0,108383.0,106510.0,107317.0,5.199900150299072
2022-12-23,107552.0,109994.0,107552.0,109698.0,5.165599822998047
2022-12-26,109699.0,109755.0,108309.0,108738.0,5.164299964904785
2022-12-27,108739.0,109353.0,107418.0,108347.0,5.21750020980835
2022-12-28,108578.0,110536.0,108578.0,110237.0,5.292300224304199
2022-12-29,110237.0,111178.0,109560.0,110031.0,5.2667999267578125
2023-01-02,109734.0,109734.0,105981.0,106376.0,5.2855000495910645
2023-01-03,106377.0,106684.0,103852.0,104166.0,5.360130786895752
2023-01-04,104167.0,105627.0,103915.0,105334.0,5.478499889373779
2023-01-05,105336.0,107743.0,105333.0,107518.0,5.430099964141846
2023-01-06,107642.0,109433.0,107642.0,108836.0,5.349800109863281
2023-01-09,108964.0,109938.0,108134.0,109227.0,5.224400043487549
2023-01-10,109129.0,111193.0,108478.0,110912.0,5.253699779510498
2023-01-11,110816.0,111841.0,110752.0,111763.0,5.198299884796143
2023-01-12,112516.0,113129.0,110982.0,111877.0,5.1585001945495605
2023-01-13,111843.0,111847.0,110428.0,110916.0,5.107699871063232
2023-01-16,110908.0,110908.0,108753.0,109213.0,5.080699920654297
2023-01-17,109214.0,111577.0,109214.0,111439.0,5.145999908447266
2023-01-18,111442.0,113306.0,111441.0,112452.0,5.099599838256836
2023-01-19,112219.0,113172.0,111307.0,113006.0,5.185299873352051
2023-01-20,112922.0,113025.0,111735.0,112301.0,5.172999858856201
2023-01-23,112041.0,113061.0,111542.0,111709.0,5.206299781799316
2023-01-24,111746.0,113040.0,111669.0,113028.0,5.205900192260742
2023-01-25,113028.0,114386.0,111927.0,114195.0,5.138400077819824
2023-01-26,114271.0,114835.0,113591.0,114109.0,5.072199821472168
2023-01-27,114178.0,114191.0,112044.0,112502.0,5.062745094299316
2023-01-30,112319.0,112920.0,111824.0,111888.0,5.1072001457214355
2023-01-31,112273.0,113581.0,112145.0,113532.0,5.1149001121521
2023-02-01,113430.0,113598.0,110729.0,112303.0,5.072199821472168
2023-02-02,112072.0,112943.0,109747.0,109935.0,5.053500175476074
2023-02-03,110141.0,110570.0,108185.0,108490.0,5.049200057983398
2023-02-06,108518.0,108710.0,107416.0,108456.0,5.149799823760986
2023-02-07,108727.0,109037.0,107234.0,107920.0,5.145699977874756
2023-02-08,107832.0,110175.0,107830.0,109882.0,5.2093000411987305
2023-02-09,109952.0,110046.0,107781.0,107783.0,5.19950008392334
2023-02-10,108002.0,108647.0,107620.0,108150.0,5.2895002365112305
2023-02-13,108074.0,109193.0,107420.0,108846.0,5.213482856750488
2023-02-14,108839.0,109564.0,107557.0,107659.0,5.158400058746338
2023-02-15,107849.0,110210.0,107267.0,109442.0,5.191500186920166
2023-02-16,109599.0,110437.0,108378.0,109905.0,5.2179999351501465
2023-02-17,109941.0,109941.0,108968.0,109303.0,5.216800212860107
2023-02-22,109174.0,109174.0,106720.0,107152.0,5.166500091552734
2023-02-23,107152.0,108663.0,106731.0,107720.0,5.151199817657471
2023-02-24,107582.0,107611.0,105360.0,105873.0,5.136199951171875
2023-02-27,105807.0,106402.0,105227.0,105711.0,5.207799911499023
2023-02-28,105706.0,106794.0,104932.0,104932.0,5.199699878692627
2023-03-01,104933.0,105497.0,103105.0,104385.0,5.235899925231934
2023-03-02,104375.0,104912.0,103321.0,103326.0,5.178299903869629
2023-03-03,103326.0,104440.0,103323.0,103866.0,5.1996002197265625
2023-03-06,103865.0,105171.0,103170.0,104700.0,5.194399833679199
2023-03-07,104700.0,105179.0,103480.0,104228.0,5.152200222015381
2023-03-08,104228.0,106721.0,104228.0,106540.0,5.190000057220459
2023-03-09,106540.0,106724.0,105053.0,105071.0,5.144400119781494
2023-03-10,105071.0,105071.0,103201.0,103618.0,5.163700103759766
2023-03-13,103608.0,103907.0,102255.0,103121.0,5.21560001373291
2023-03-14,103121.0,104153.0,102482.0,102932.0,5.245699882507324
2023-03-15,102930.0,103048.0,100692.0,102675.0,5.251699924468994
2023-03-16,102683.0,103911.0,102455.0,103435.0,5.287099838256836
2023-03-17,103434.0,103434.0,101664.0,101982.0,5.229599952697754
2023-03-20,101982.0,102328.0,100679.0,100923.0,5.2778000831604
2023-03-21,100923.0,101670.0,100923.0,100998.0,5.2357001304626465
2023-03-22,100998.0,101888.0,100129.0,100221.0,5.240900039672852
2023-03-23,100221.0,101126.0,96997.0,97926.0,5.236100196838379
2023-03-24,97926.0,99258.0,97688.0,98829.0,5.2967000007629395
2023-03-27,98833.0,99997.0,98833.0,99670.0,5.245100021362305
2023-03-28,99672.0,101559.0,99488.0,101185.0,5.1971001625061035
2023-03-29,101185.0,102213.0,100248.0,101793.0,5.164400100708008
2023-03-30,101796.0,104085.0,101796.0,103713.0,5.134200096130371
2023-03-31,103714.0,104041.0,101476.0,101882.0,5.092700004577637
2023-04-03,101883.0,101916.0,100651.0,101506.0,5.062300205230713
2023-04-04,101505.0,103056.0,101505.0,101869.0,5.0630998611450195
2023-04-05,101869.0,101960.0,99898.0,100978.0,5.070700168609619
2023-04-06,100978.0,101628.0,100443.0,100822.0,5.033199787139893
2023-04-10,100822.0,102196.0,100819.0,101847.0,5.0543999671936035
2023-04-11,101849.0,106455.0,101848.0,106214.0,5.065299987792969
2023-04-12,106218.0,108277.0,106217.0,106890.0,5.004000186920166
2023-04-13,106890.0,107037.0,106220.0,106458.0,4.916900157928467
2023-04-14,106458.0,106701.0,104934.0,106279.0,4.926700115203857
2023-04-17,106279.0,106830.0,105623.0,106016.0,4.908699989318848
2023-04-18,106023.0,106475.0,105122.0,106163.0,4.939799785614014
2023-04-19,106149.0,106149.0,103604.0,103913.0,4.984300136566162
2023-04-20,103913.0,104615.0,103087.0,104367.0,5.0742998123168945
2023-04-24,104367.0,104822.0,103247.0,103947.0,5.047900199890137
2023-04-25,103947.0,103947.0,102633.0,103220.0,5.033400058746338
2023-04-26,103220.0,103668.0,102233.0,102312.0,5.053100109100342
2023-04-27,102310.0,103177.0,101975.0,102923.0,5.043000221252441
2023-04-28,102923.0,104432.0,102449.0,104432.0,4.976200103759766
2023-05-02,104431.0,104447.0,101569.0,101927.0,4.9878997802734375
2023-05-03,101927.0,102331.0,101433.0,101797.0,5.038400173187256
2023-05-04,101798.0,103321.0,101063.0,102174.0,4.9944000244140625
2023-05-05,102175.0,105306.0,102175.0,105148.0,4.982600212097168
2023-05-08,105161.0,106716.0,105161.0,106042.0,4.951700210571289
2023-05-09,106028.0,107731.0,105549.0,107114.0,5.007999897003174
2023-05-10,107114.0,107744.0,106538.0,107448.0,4.985899925231934
2023-05-11,107446.0,108667.0,106419.0,108256.0,4.94290018081665
2023-05-12,108256.0,108817.0,107497.0,108464.0,4.929500102996826
2023-05-15,108469.0,109271.0,108356.0,109029.0,4.920199871063232
2023-05-16,109029.0,110151.0,108085.0,108194.0,4.887899875640869
2023-05-17,108194.0,109774.0,108188.0,109460.0,4.9394001960754395
2023-05-18,109459.0,110206.0,108864.0,110108.0,4.937699794769287
2023-05-19,110113.0,111211.0,109787.0,110745.0,4.964399814605713
2023-05-22,110745.0,111643.0,110178.0,110213.0,4.996799945831299
2023-05-23,110213.0,111325.0,109713.0,109929.0,4.966100215911865
2023-05-24,109920.0,109920.0,108546.0,108800.0,4.971199989318848
2023-05-25,108800.0,111115.0,108800.0,110054.0,4.958600044250488
2023-05-26,110058.0,111706.0,109900.0,110906.0,5.035200119018555
2023-05-29,110906.0,111168.0,110195.0,110333.0,4.992800235748291
2023-05-30,110333.0,111291.0,108552.0,108967.0,5.018099784851074
2023-05-31,108967.0,109137.0,108193.0,108335.0,5.034800052642822
2023-06-01,108339.0,110745.0,108335.0,110565.0,5.054800033569336
2023-06-02,110568.0,113070.0,110567.0,112558.0,5.0131001472473145
2023-06-05,112558.0,113071.0,111736.0,112696.0,4.956600189208984
2023-06-06,112697.0,114783.0,112696.0,114610.0,4.925600051879883
2023-06-07,114610.0,115978.0,114610.0,115488.0,4.9120001792907715
2023-06-09,115489.0,117603.0,115489.0,117019.0,4.922100067138672
2023-06-12,117022.0,117735.0,116704.0,117336.0,4.877900123596191
2023-06-13,117337.0,117924.0,116363.0,116743.0,4.860599994659424
2023-06-14,116753.0,119085.0,116745.0,119069.0,4.861000061035156
2023-06-15,119068.0,119686.0,118693.0,119221.0,4.815000057220459
2023-06-16,119208.0,119555.0,118487.0,118758.0,4.809199810028076
2023-06-19,118757.0,119939.0,118558.0,119858.0,4.807000160217285
2023-06-20,119858.0,119858.0,118416.0,119622.0,4.776899814605713
2023-06-21,119623.0,120519.0,119332.0,120420.0,4.789299964904785
2023-06-22,120420.0,120420.0,118018.0,118934.0,4.76230001449585
2023-06-23,118959.0,119386.0,118178.0,118977.0,4.7697367668151855
2023-06-26,118977.0,119148.0,117491.0,118243.0,4.7855000495910645
2023-06-27,118246.0,119212.0,116561.0,117523.0,4.767300128936768
2023-06-28,117524.0,117937.0,116560.0,116681.0,4.810500144958496
2023-06-29,116683.0,118623.0,116683.0,118383.0,4.850500106811523
2023-06-30,118388.0,119447.0,118087.0,118087.0,4.855599880218506
2023-07-03,118092.0,119877.0,118092.0,119673.0,4.784200191497803
2023-07-04,119673.0,119678.0,118830.0,119076.0,4.80649995803833
2023-07-05,119072.0,120200.0,118688.0,119549.0,4.839900016784668
2023-07-06,119548.0,119548.0,117096.0,117426.0,4.8471999168396
2023-07-07,117427.0,119549.0,117427.0,118898.0,4.918700218200684
2023-07-10,118897.0,118897.0,117814.0,117942.0,4.8709001541137695
2023-07-11,117942.0,117942.0,115704.0,117220.0,4.898200035095215
2023-07-12,117557.0,119156.0,117557.0,117666.0,4.851500034332275
2023-07-13,117671.0,119739.0,117668.0,119264.0,4.81689977645874
2023-07-14,119268.0,119329.0,117526.0,117711.0,4.7947998046875
2023-07-17,117711.0,118302.0,116591.0,118219.0,4.788099765777588
2023-07-18,118218.0,118732.0,117324.0,117841.0,4.805799961090088
2023-07-19,117842.0,118011.0,116660.0,117552.0,4.809299945831299
2023-07-20,117558.0,118290.0,117484.0,118083.0,4.789899826049805
2023-07-21,118090.0,120373.0,118086.0,120217.0,4.796899795532227
2023-07-24,120220.0,121772.0,120099.0,121342.0,4.777400016784668
2023-07-25,121344.0,123010.0,121344.0,122008.0,4.725500106811523
2023-07-26,122003.0,122747.0,121370.0,122560.0,4.748899936676025
2023-07-27,122560.0,122599.0,119825.0,119990.0,4.736199855804443
2023-07-28,120002.0,120660.0,119706.0,120187.0,4.741600036621094
2023-07-31,120188.0,122149.0,120188.0,121943.0,4.723299980163574
2023-08-01,121945.0,121945.0,120154.0,121248.0,4.724699974060059
2023-08-02,121249.0,121252.0,119798.0,120859.0,4.791999816894531
2023-08-03,120859.0,122619.0,120365.0,120586.0,4.810400009155273
2023-08-04,120586.0,121442.0,119215.0,119508.0,4.916399955749512
2023-08-07,119509.0,120104.0,118894.0,119380.0,4.88539981842041
2023-08-08,119378.0,119553.0,117492.0,119090.0,4.89900016784668
2023-08-09,119090.0,119090.0,117901.0,118409.0,4.898600101470947
2023-08-10,118412.0,119438.0,118113.0,118350.0,4.901700019836426
2023-08-11,118350.0,119054.0,117415.0,118065.0,4.891499996185303
2023-08-14,118067.0,118082.0,116530.0,116810.0,4.910999774932861
2023-08-15,116809.0,117697.0,116033.0,116171.0,4.962100028991699
2023-08-16,116171.0,117338.0,115534.0,115592.0,4.9832000732421875
2023-08-17,115592.0,116610.0,114859.0,114982.0,4.9868998527526855
2023-08-18,114973.0,115729.0,114423.0,115409.0,4.975500106811523
2023-08-21,115404.0,115425.0,114067.0,114429.0,4.966899871826172
2023-08-22,114433.0,116286.0,114433.0,116156.0,4.978700160980225
2023-08-23,116160.0,118135.0,116159.0,118135.0,4.937099933624268
2023-08-24,118135.0,118136.0,116848.0,117026.0,4.855100154876709
2023-08-25,117025.0,117252.0,115397.0,115837.0,4.880300045013428
2023-08-28,115838.0,117253.0,115836.0,117121.0,4.8703999519348145
2023-08-29,117124.0,118493.0,117124.0,118404.0,4.872600078582764
2023-08-30,118404.0,118841.0,117471.0,117535.0,4.85129976272583
2023-08-31,117537.0,117637.0,115742.0,115742.0,4.888400077819824
2023-09-01,115744.0,117991.0,115744.0,117893.0,4.953800201416016
2023-09-04,117893.0,118576.0,117590.0,117777.0,4.97629976272583
2023-09-05,117776.0,117957.0,116637.0,117331.0,4.936200141906738
2023-09-06,117331.0,117971.0,115984.0,115985.0,4.966700077056885
2023-09-08,115979.0,115979.0,114839.0,115313.0,4.976099967956543
2023-09-11,115316.0,117131.0,115316.0,116883.0,4.982999801635742
2023-09-12,116885.0,118154.0,116885.0,117968.0,4.9293999671936035
2023-09-13,117968.0,119318.0,117722.0,118176.0,4.946599960327148
2023-09-14,118181.0,119748.0,118181.0,119392.0,4.91540002822876
2023-09-15,119393.0,119780.0,118666.0,118758.0,4.868199825286865
2023-09-18,118759.0,119486.0,118123.0,118288.0,4.867000102996826
2023-09-19,118293.0,118458.0,117628.0,117846.0,4.853700160980225
2023-09-20,117864.0,119616.0,117847.0,118695.0,4.865799903869629
2023-09-21,118695.0,118695.0,116013.0,116145.0,4.878799915313721
2023-09-22,116147.0,116968.0,115855.0,116009.0,4.934899806976318
2023-09-25,116009.0,116031.0,115573.0,115925.0,4.933899879455566
2023-09-26,115922.0,115922.0,114162.0,114193.0,4.968299865722656
2023-09-27,114194.0,115340.0,113366.0,114327.0,4.986199855804443
2023-09-28,114875.0,115954.0,114811.0,115731.0,5.042200088500977
2023-09-29,115742.0,116899.0,115742.0,116565.0,5.032800197601318
2023-10-02,116565.0,116672.0,114761.0,115057.0,5.042799949645996
2023-10-03,115055.0,115056.0,113151.0,113419.0,5.061500072479248
2023-10-04,113430.0,114075.0,113036.0,113607.0,5.166299819946289
2023-10-05,113609.0,114359.0,112705.0,113284.0,5.154600143432617
2023-10-06,113283.0,114491.0,111599.0,114170.0,5.164999961853027
2023-10-09,114169.0,115219.0,113448.0,115156.0,5.145699977874756
2023-10-10,115158.0,116900.0,115158.0,116737.0,5.135200023651123
2023-10-11,116737.0,117099.0,116231.0,117051.0,5.051000118255615
2023-10-13,117050.0,117070.0,115658.0,115754.0,5.045899868011475
2023-10-16,115760.0,116905.0,115760.0,116534.0,5.0482001304626465
2023-10-17,116526.0,116917.0,115564.0,115908.0,5.037600040435791
2023-10-18,115907.0,115907.0,113952.0,114060.0,5.037399768829346
2023-10-19,114059.0,115063.0,113768.0,114004.0,5.056099891662598
2023-10-20,113996.0,114090.0,112533.0,113155.0,5.062900066375732
2023-10-23,113145.0,113680.0,112164.0,112785.0,5.031300067901611
2023-10-24,112814.0,114249.0,112814.0,113762.0,5.01230001449585
2023-10-25,113762.0,114319.0,112680.0,112830.0,4.991000175476074
2023-10-26,112840.0,114886.0,112840.0,114777.0,4.994699954986572
2023-10-27,114777.0,115342.0,112953.0,113301.0,4.985300064086914
2023-10-30,113303.0,114204.0,112309.0,112532.0,4.952030181884766
2023-10-31,112534.0,113597.0,112098.0,113144.0,5.04610013961792
2023-11-01,113157.0,115433.0,113157.0,115053.0,5.03410005569458
2023-11-03,115062.0,118502.0,115062.0,118160.0,4.952899932861328
2023-11-06,118160.0,118758.0,118045.0,118487.0,4.899199962615967
2023-11-07,118422.0,119577.0,118026.0,119268.0,4.884099960327148
2023-11-08,119268.0,119976.0,118464.0,119099.0,4.871500015258789
2023-11-09,119180.0,120257.0,118446.0,119012.0,4.909299850463867
2023-11-10,119036.0,120823.0,119036.0,120636.0,4.933899879455566
2023-11-13,120561.0,120606.0,119878.0,120376.0,4.893379211425781
2023-11-14,120411.0,123370.0,120411.0,123328.0,4.906199932098389
2023-11-16,123165.0,124737.0,123165.0,124576.0,4.860899925231934
2023-11-17,124639.0,125431.0,124547.0,125062.0,4.862199783325195
2023-11-20,124773.0,126162.0,124773.0,126095.0,4.819177150726318
2023-11-21,125957.0,125957.0,125060.0,125607.0,4.851799964904785
2023-11-22,125626.0,126875.0,125439.0,126035.0,4.8993000984191895
2023-11-23,126035.0,126760.0,125764.0,126576.0,4.9054999351501465
2023-11-24,126553.0,126553.0,125341.0,125542.0,4.902500152587891
2023-11-27,125517.0,125826.0,124840.0,125683.0,4.900899887084961
2023-11-28,125726.0,126916.0,125388.0,126538.0,4.895500183105469
2023-11-29,126541.0,127388.0,126018.0,126101.0,4.869800090789795
2023-11-30,126168.0,127399.0,126168.0,127331.0,4.904099941253662
2023-12-01,127331.0,128165.0,126656.0,128103.0,4.923099994659424
2023-12-04,128183.0,128183.0,126643.0,126803.0,4.902159214019775
2023-12-05,126802.0,127489.0,126491.0,126903.0,4.9430999755859375
2023-12-06,126907.0,127538.0,125614.0,125623.0,4.927700042724609
2023-12-07,125623.0,126581.0,125566.0,126010.0,4.901199817657471
2023-12-08,126010.0,127289.0,125562.0,127094.0,4.910099983215332
2023-12-11,127093.0,127154.0,126526.0,126916.0,4.893286228179932
2023-12-12,126923.0,127359.0,126013.0,126403.0,4.936699867248535
2023-12-13,126406.0,129793.0,126299.0,129465.0,4.9644999504089355
2023-12-14,129469.0,131260.0,129469.0,130842.0,4.918399810791016
2023-12-15,130842.0,131661.0,129884.0,130197.0,4.914599895477295
2023-12-18,130202.0,131447.0,130198.0,131084.0,4.919657230377197
2023-12-19,131088.0,132047.0,131086.0,131851.0,4.895899772644043
2023-12-20,131851.0,132341.0,130710.0,130804.0,4.866499900817871
2023-12-21,130826.0,132277.0,130822.0,132182.0,4.914599895477295
2023-12-22,132553.0,133035.0,132094.0,132753.0,4.881800174713135
2023-12-26,132753.0,133645.0,132753.0,133533.0,4.869743824005127
2023-12-27,133523.0,134195.0,133328.0,134194.0,4.813499927520752
2023-12-28,134194.0,134392.0,133832.0,134185.0,4.826099872589111
2024-01-02,134186.0,134195.0,132095.0,132697.0,4.852399826049805
2024-01-03,132697.0,133576.0,132250.0,132834.0,4.922500133514404
2024-01-04,132831.0,132885.0,131024.0,131226.0,4.9191999435424805
2024-01-05,131218.0,132635.0,130579.0,132023.0,4.895599842071533
2024-01-08,132023.0,132498.0,131015.0,132427.0,4.8606672286987305
2024-01-09,132424.0,132426.0,131203.0,131447.0,4.86899995803833
2024-01-10,131447.0,131628.0,130438.0,130841.0,4.905099868774414
2024-01-11,130841.0,131308.0,129898.0,130649.0,4.89139986038208
2024-01-12,130652.0,131927.0,130410.0,130988.0,4.869699954986572
2024-01-15,130988.0,131606.0,130253.0,131521.0,4.85290002822876
2024-01-16,131515.0,131517.0,129147.0,129294.0,4.862199783325195
2024-01-17,129293.0,129296.0,128312.0,128524.0,4.924900054931641
2024-01-18,128524.0,129047.0,127316.0,127316.0,4.934000015258789
2024-01-19,127319.0,127820.0,126533.0,127636.0,4.92609977722168
2024-01-22,127636.0,127843.0,125876.0,126602.0,4.904642105102539
2024-01-23,126612.0,128331.0,126612.0,128263.0,4.98829984664917
2024-01-24,128275.0,129446.0,127680.0,127816.0,4.952199935913086
2024-01-25,127815.0,128697.0,127803.0,128169.0,4.932499885559082
2024-01-26,128196.0,129252.0,127869.0,128967.0,4.915800094604492
2024-01-29,128970.0,129068.0,127853.0,128503.0,4.913599967956543
2024-01-30,128492.0,128492.0,127105.0,127402.0,4.950200080871582
2024-01-31,127402.0,129558.0,127326.0,127752.0,4.950300216674805
2024-02-01,127752.0,128481.0,127284.0,128481.0,4.951900005340576
2024-02-02,128471.0,128878.0,126628.0,127182.0,4.914999961853027
2024-02-05,127182.0,127834.0,126443.0,127593.0,4.932938098907471
2024-02-06,127593.0,130417.0,127593.0,130416.0,4.9499430656433105
2024-02-07,130412.0,130552.0,129518.0,129608.0,4.962299823760986
2024-02-08,129950.0,130126.0,127912.0,128217.0,4.969299793243408
2024-02-09,128216.0,128896.0,127579.0,128026.0,4.9918999671936035
2024-02-14,128026.0,128026.0,126663.0,127018.0,4.952000141143799
2024-02-15,127018.0,127824.0,126932.0,127804.0,4.968299865722656
2024-02-16,127809.0,129069.0,127653.0,128726.0,4.972400188446045
2024-02-19,128720.0,129036.0,128097.0,129036.0,4.965099811553955
2024-02-20,129033.0,129916.0,128326.0,129916.0,4.956399917602539
2024-02-21,129916.0,130034.0,129359.0,130032.0,4.926400184631348
2024-02-22,130035.0,130829.0,129971.0,130241.0,4.934899806976318
2024-02-23,130240.0,130624.0,129077.0,129419.0,4.962399959564209
2024-02-26,129417.0,129978.0,129077.0,129609.0,4.993500232696533
2024-02-27,129613.0,131696.0,129613.0,131689.0,4.978899955749512
2024-02-28,131685.0,131685.0,129771.0,130155.0,4.932400226593018
2024-02-29,130155.0,130155.0,128669.0,129020.0,4.967299938201904
2024-03-01,129026.0,129716.0,128717.0,129180.0,4.969799995422363
2024-03-04,129176.0,129307.0,128278.0,128341.0,4.952700138092041
2024-03-05,128336.0,128989.0,127823.0,128098.0,4.944900035858154
2024-03-06,128099.0,129323.0,128099.0,128890.0,4.957099914550781
2024-03-07,128890.0,129188.0,128033.0,128340.0,4.943600177764893
2024-03-08,128335.0,128338.0,125802.0,127071.0,4.933800220489502
2024-03-11,127068.0,127068.0,126065.0,126124.0,4.977540016174316
2024-03-12,126124.0,128039.0,126121.0,127668.0,4.977399826049805
2024-03-13,127668.0,128530.0,127439.0,128006.0,4.968699932098389
2024-03-14,127992.0,128256.0,127192.0,127690.0,4.969200134277344
2024-03-15,127682.0,127957.0,126502.0,126742.0,4.992700099945068
2024-03-18,126758.0,127540.0,126272.0,126954.0,4.968047142028809
2024-03-19,126955.0,128000.0,126955.0,127529.0,5.029399871826172
2024-03-20,127534.0,129210.0,127349.0,129125.0,5.03000020980835
2024-03-21,129125.0,129556.0,128093.0,128159.0,4.96619987487793
2024-03-22,128159.0,128159.0,126879.0,127027.0,4.9745001792907715
2024-03-25,127027.0,127224.0,126750.0,126931.0,5.000899791717529
2024-03-26,126931.0,127193.0,126591.0,126863.0,4.9721999168396
2024-03-27,126863.0,127756.0,126223.0,127691.0,4.9756999015808105
2024-03-28,127689.0,128364.0,127270.0,128106.0,4.990300178527832
2024-04-01,128106.0,128659.0,126772.0,126990.0,5.013199806213379
2024-04-02,126990.0,127654.0,126669.0,127549.0,5.053599834442139
2024-04-03,127546.0,127694.0,126181.0,127318.0,5.0644001960754395
2024-04-04,127313.0,129627.0,127178.0,127428.0,5.038599967956543
2024-04-05,127422.0,127432.0,126394.0,126795.0,5.057400226593018
2024-04-08,126796.0,129178.0,126796.0,128857.0,5.054900169372559
2024-04-09,128858.0,129956.0,128826.0,129890.0,5.023900032043457
2024-04-10,129872.0,129872.0,127732.0,128054.0,5.007599830627441
2024-04-11,128051.0,128051.0,127069.0,127396.0,5.066199779510498
2024-04-12,127396.0,127640.0,125635.0,125946.0,5.090400218963623
2024-04-15,125946.0,126250.0,125034.0,125334.0,5.117099761962891
2024-04-16,125316.0,125316.0,123756.0,124389.0,5.183700084686279
2024-04-17,124389.0,125301.0,123642.0,124171.0,5.2855000495910645
2024-04-18,124171.0,125140.0,123397.0,124196.0,5.232600212097168
2024-04-19,124197.0,125509.0,124056.0,125124.0,5.241700172424316
2024-04-22,125124.0,126081.0,124633.0,125573.0,5.206200122833252
2024-04-23,125572.0,125826.0,124310.0,125148.0,5.1656999588012695
2024-04-24,125149.0,125473.0,124556.0,124741.0,5.130499839782715
2024-04-25,124718.0,124732.0,123703.0,124646.0,5.145500183105469
2024-04-26,124651.0,126826.0,124651.0,126526.0,5.158599853515625
2024-04-29,126527.0,127352.0,126467.0,127352.0,5.115499973297119
2024-04-30,127352.0,127352.0,125856.0,125924.0,5.117000102996826
2024-05-02,125926.0,127670.0,125926.0,127122.0,5.194399833679199
2024-05-03,127130.0,128787.0,127130.0,128509.0,5.110300064086914
2024-05-06,128506.0,129181.0,128294.0,128466.0,5.070899963378906
2024-05-07,128466.0,129745.0,128464.0,129210.0,5.074900150299072
2024-05-08,129210.0,129564.0,128048.0,129481.0,5.073299884796143
2024-05-09,129468.0,129468.0,127376.0,128188.0,5.087900161743164
2024-05-10,128188.0,129022.0,127467.0,127600.0,5.1407999992370605
2024-05-13,127600.0,128669.0,127599.0,128155.0,5.123260021209717
2024-05-14,128155.0,128965.0,127962.0,128515.0,5.154200077056885
2024-05-15,128514.0,128646.0,127029.0,128028.0,5.127799987792969
2024-05-16,128029.0,128965.0,127922.0,128284.0,5.133600234985352
2024-05-17,128280.0,128464.0,127696.0,128151.0,5.128600120544434
2024-05-20,128151.0,128730.0,127488.0,127751.0,5.1020002365112305
2024-05-21,127754.0,128272.0,127205.0,127412.0,5.103099822998047
2024-05-22,127412.0,127412.0,125524.0,125650.0,5.1219000816345215
2024-05-23,125650.0,125665.0,124431.0,124729.0,5.151100158691406
2024-05-24,124731.0,125257.0,124259.0,124306.0,5.143099784851074
2024-05-27,124297.0,124535.0,124081.0,124496.0,5.1697998046875
2024-05-28,124498.0,125392.0,123537.0,123780.0,5.1717000007629395
2024-05-29,123780.0,123780.0,122458.0,122707.0,5.161300182342529
2024-05-31,122704.0,122837.0,121929.0,122098.0,5.202099800109863
2024-06-03,122100.0,122495.0,121496.0,122032.0,5.2444000244140625
2024-06-04,122032.0,122032.0,120878.0,121802.0,5.249000072479248
2024-06-05,121803.0,122170.0,121253.0,121407.0,5.287700176239014
2024-06-06,121408.0,123246.0,121377.0,122899.0,5.3003997802734375
2024-06-07,122899.0,122899.0,120679.0,120767.0,5.2571001052856445
2024-06-10,120769.0,121421.0,120540.0,120760.0,5.270441055297852
2024-06-11,120760.0,121759.0,120757.0,121635.0,5.352799892425537
2024-06-12,121644.0,122483.0,119544.0,119936.0,5.3649001121521
2024-06-13,119936.0,120222.0,119171.0,119568.0,5.401000022888184
2024-06-14,119558.0,120214.0,118828.0,119662.0,5.361599922180176
2024-06-17,119663.0,119663.0,118685.0,119138.0,5.3572001457214355
2024-06-18,119138.0,120109.0,118872.0,119630.0,5.423999786376953
2024-06-19,119630.0,120383.0,118960.0,120261.0,5.439899921417236
2024-06-20,120267.0,121607.0,120156.0,120446.0,5.422399997711182
2024-06-21,120446.0,121580.0,120061.0,121341.0,5.452400207519531
2024-06-24,121343.0,122840.0,121307.0,122637.0,5.426126003265381
2024-06-25,122804.0,122849.0,121997.0,122331.0,5.3892998695373535
2024-06-26,122331.0,122701.0,121402.0,122641.0,5.450699806213379
2024-06-27,122642.0,124308.0,122642.0,124308.0,5.522500038146973
2024-06-28,124308.0,124500.0,123298.0,123907.0,5.500500202178955
2024-07-01,123905.0,125220.0,123735.0,124718.0,5.591899871826172
2024-07-02,124720.0,125491.0,124310.0,124787.0,5.65500020980835
2024-07-03,124787.0,126581.0,124787.0,125662.0,5.67549991607666
2024-07-04,125666.0,126660.0,125666.0,126164.0,5.5553998947143555
2024-07-05,126165.0,126662.0,125556.0,126267.0,5.486400127410889
2024-07-08,126280.0,126551.0,125614.0,126548.0,5.471290111541748
2024-07-09,126548.0,127295.0,125937.0,127108.0,5.470399856567383
2024-07-10,127109.0,127769.0,126928.0,127218.0,5.417099952697754
2024-07-11,127221.0,128326.0,127221.0,128294.0,5.414700031280518
2024-07-12,128293.0,129015.0,128002.0,128897.0,5.438000202178955
2024-07-15,128898.0,129485.0,128723.0,129321.0,5.422800064086914
2024-07-16,129322.0,129521.0,128761.0,129110.0,5.446800231933594
2024-07-17,129112.0,129658.0,128741.0,129450.0,5.424300193786621
2024-07-18,129450.0,129454.0,127523.0,127652.0,5.48769998550415
2024-07-19,127652.0,128360.0,127413.0,127616.0,5.5432000160217285
2024-07-22,127616.0,128151.0,127456.0,127860.0,5.520872116088867
2024-07-23,127860.0,127860.0,126530.0,126590.0,5.570700168609619
2024-07-24,126596.0,126823.0,126218.0,126423.0,5.585299968719482
2024-07-25,126423.0,126423.0,125626.0,125954.0,5.653600215911865
2024-07-26,125964.0,127700.0,125953.0,127492.0,5.643099784851074
2024-07-29,127492.0,127657.0,126606.0,126954.0,5.622840881347656
2024-07-30,126951.0,126951.0,125973.0,126139.0,5.614500045776367
2024-07-31,126139.0,127853.0,126139.0,127652.0,5.611100196838379
2024-08-01,127652.0,128762.0,127150.0,127395.0,5.656599998474121
2024-08-02,127395.0,128104.0,125731.0,125854.0,5.7505998611450195
2024-08-05,125851.0,125851.0,123073.0,125270.0,5.7266998291015625
2024-08-06,125270.0,126966.0,125261.0,126267.0,5.720900058746338
2024-08-07,126268.0,127517.0,126268.0,127514.0,5.6554999351501465
2024-08-08,127515.0,128793.0,127515.0,128661.0,5.635799884796143
2024-08-09,128662.0,130631.0,128662.0,130615.0,5.54610013961792
2024-08-12,130615.0,131662.0,130615.0,131116.0,5.50629997253418
2024-08-13,131115.0,132430.0,131115.0,132398.0,5.4918999671936035
2024-08-14,132398.0,133777.0,132112.0,133318.0,5.455699920654297
2024-08-15,133319.0,134575.0,133319.0,134153.0,5.468900203704834
2024-08-16,134154.0,134781.0,133852.0,133953.0,5.484899997711182
2024-08-19,133953.0,136179.0,133953.0,135778.0,5.47130012512207
2024-08-20,135779.0,136330.0,135312.0,136087.0,5.405600070953369
2024-08-21,136088.0,137040.0,136086.0,136464.0,5.478099822998047
2024-08-22,136462.0,136462.0,134836.0,135173.0,5.482500076293945
2024-08-23,135174.0,136478.0,135174.0,135608.0,5.59089994430542
2024-08-26,135608.0,137013.0,135596.0,136889.0,5.485400199890137
2024-08-27,136888.0,137213.0,136664.0,136776.0,5.495699882507324
2024-08-28,136776.0,137469.0,135746.0,137344.0,5.507900238037109
2024-08-29,137349.0,137370.0,135858.0,136041.0,5.56220006942749
2024-08-30,136041.0,136139.0,134910.0,136004.0,5.627699851989746
2024-09-02,136004.0,136004.0,134497.0,134981.0,5.6092000007629395
2024-09-03,134907.0,135011.0,134171.0,134353.0,5.615099906921387
2024-09-04,134359.0,136838.0,134359.0,136111.0,5.647500038146973
2024-09-05,136112.0,136656.0,135959.0,136502.0,5.642000198364258
2024-09-06,136508.0,136653.0,134476.0,134572.0,5.567500114440918
2024-09-09,134574.0,135250.0,134399.0,134737.0,5.59660005569458
2024-09-10,134738.0,134738.0,133754.0,134320.0,5.5843000411987305
2024-09-11,134319.0,135087.0,133757.0,134677.0,5.662899971008301
2024-09-12,134677.0,134777.0,133591.0,134029.0,5.667399883270264
2024-09-13,134031.0,135879.0,134031.0,134882.0,5.625699996948242
2024-09-16,134885.0,135715.0,134870.0,135118.0,5.612370014190674
2024-09-17,135118.0,135118.0,134180.0,134960.0,5.503900051116943
2024-09-18,134960.0,135203.0,133748.0,133748.0,5.4816999435424805
2024-09-19,133748.0,134759.0,133123.0,133123.0,5.460999965667725
2024-09-20,133121.0,133128.0,130907.0,131065.0,5.423900127410889
2024-09-23,131065.0,131065.0,130100.0,130568.0,5.513599872589111
2024-09-24,130570.0,133073.0,130570.0,132156.0,5.536099910736084
2024-09-25,132156.0,132982.0,131489.0,131586.0,5.449699878692627
2024-09-26,131595.0,133313.0,131594.0,133010.0,5.473800182342529
2024-09-27,133010.0,133923.0,132628.0,132730.0,5.436699867248535
2024-09-30,132761.0,133120.0,131816.0,131816.0,5.433199882507324
2024-10-01,131817.0,133405.0,131817.0,132495.0,5.448500156402588
2024-10-02,132495.0,134922.0,132495.0,133515.0,5.423999786376953
2024-10-03,133514.0,133514.0,131176.0,131672.0,5.440299987792969
2024-10-04,131672.0,131936.0,131156.0,131792.0,5.47629976272583
2024-10-07,131792.0,132943.0,131676.0,132018.0,5.4542999267578125
2024-10-08,132016.0,132016.0,130371.0,131512.0,5.494200229644775
2024-10-09,131510.0,131520.0,129719.0,129962.0,5.5346999168396
2024-10-10,129963.0,130418.0,129835.0,130353.0,5.596099853515625
2024-10-11,130354.0,130354.0,129338.0,129992.0,5.581699848175049
2024-10-14,129992.0,131220.0,129729.0,131005.0,5.610599994659424
2024-10-15,131005.0,131457.0,130200.0,131043.0,5.594699859619141
2024-10-16,131045.0,132233.0,130780.0,131750.0,5.6519999504089355
2024-10-17,131716.0,131716.0,129902.0,130793.0,5.668000221252441
2024-10-18,130793.0,131725.0,130121.0,130499.0,5.651800155639648
2024-10-21,130499.0,131124.0,130157.0,130362.0,5.635900020599365
2024-10-22,130346.0,130346.0,129094.0,129721.0,5.6880998611450195
2024-10-23,129949.0,129949.0,128589.0,129233.0,5.689300060272217
2024-10-24,129233.0,130130.0,128798.0,130067.0,5.686500072479248
2024-10-25,130067.0,130529.0,129806.0,129893.0,5.664000034332275
2024-10-28,129894.0,131421.0,129894.0,131213.0,5.685812950134277
2024-10-29,131214.0,131765.0,130693.0,130730.0,5.71019983291626
2024-10-30,130730.0,131027.0,130473.0,130639.0,5.760000228881836
2024-10-31,130639.0,130798.0,129642.0,129713.0,5.76230001449585
2024-11-01,129718.0,129902.0,128070.0,128121.0,5.789400100708008
2024-11-04,128130.0,130609.0,128128.0,130515.0,5.677525997161865
2024-11-05,130515.0,130769.0,129692.0,130661.0,5.790599822998047
2024-11-06,130613.0,130670.0,128822.0,130341.0,5.739799976348877
2024-11-07,130341.0,131319.0,129406.0,129682.0,5.674799919128418
2024-11-08,129647.0,129647.0,126973.0,127830.0,5.690999984741211
2024-11-11,127829.0,128095.0,127306.0,127874.0,5.736400127410889
2024-11-12,127873.0,128210.0,127411.0,127698.0,5.75540018081665
2024-11-13,127698.0,128100.0,126869.0,127734.0,5.748199939727783
2024-11-14,127734.0,128423.0,127389.0,127792.0,5.8059000968933105
2024-11-18,127791.0,128277.0,127226.0,127768.0,5.794600009918213
2024-11-19,127768.0,128579.0,127235.0,128197.0,5.746399879455566
2024-11-21,128197.0,128197.0,126594.0,126922.0,5.770699977874756
2024-11-22,126944.0,129126.0,126944.0,129126.0,5.8140997886657715
2024-11-25,129125.0,129495.0,128932.0,129036.0,5.799300193786621
2024-11-26,129043.0,130361.0,129042.0,129922.0,5.7972002029418945
2024-11-27,129923.0,130283.0,127669.0,127669.0,5.809599876403809
2024-11-28,127667.0,127668.0,124390.0,124610.0,5.937399864196777
2024-11-29,124611.0,126056.0,123946.0,125668.0,6.013899803161621
2024-12-02,125668.0,125901.0,124734.0,125236.0,5.973199844360352
2024-12-03,125235.0,126417.0,125233.0,126139.0,6.05679988861084
2024-12-04,126139.0,126720.0,125828.0,126087.0,6.043099880218506
2024-12-05,126088.0,127989.0,126087.0,127858.0,6.03879976272583
2024-12-06,127856.0,127872.0,125833.0,125946.0,6.010300159454346
2024-12-09,125946.0,127542.0,125946.0,127210.0,6.0883002281188965
2024-12-10,127213.0,128511.0,127213.0,128228.0,6.076600074768066
2024-12-11,128228.0,130899.0,127362.0,129593.0,6.045300006866455
2024-12-12,129587.0,129587.0,125829.0,126042.0,5.952700138092041
2024-12-13,126102.0,126290.0,124578.0,124612.0,5.996099948883057
2024-12-16,124610.0,124956.0,123495.0,123560.0,6.040900230407715
2024-12-17,123560.0,125301.0,123560.0,124698.0,6.147299766540527
2024-12-18,124699.0,124699.0,120457.0,120772.0,6.1031999588012695
2024-12-19,120768.0,121770.0,120768.0,121188.0,6.288899898529053
2024-12-20,121183.0,122209.0,120700.0,122102.0,6.151599884033203
2024-12-23,122105.0,122105.0,120617.0,120767.0,6.084199905395508
2024-12-26,120767.0,121612.0,120428.0,121078.0,6.182799816131592
2024-12-27,121078.0,121609.0,120252.0,120269.0,6.148499965667725
2024-12-30,120267.0,121050.0,120158.0,120283.0,6.193699836730957
2025-01-02,120283.0,120782.0,119120.0,120125.0,6.300000190734863
2025-01-03,120125.0,120356.0,118404.0,118533.0,6.151000022888184
2025-01-06,118534.0,120322.0,118534.0,120022.0,6.180699825286865
2025-01-07,120022.0,121713.0,120022.0,121163.0,6.115499973297119
2025-01-08,121160.0,121160.0,119351.0,119625.0,6.100900173187256
2025-01-09,119625.0,120145.0,119502.0,119781.0,6.105800151824951
2025-01-10,119781.0,120052.0,118732.0,118856.0,6.034599781036377
2025-01-13,118856.0,119729.0,118743.0,119007.0,6.105899810791016
2025-01-14,119007.0,119451.0,118223.0,119299.0,6.093400001525879
2025-01-15,119309.0,122988.0,119303.0,122650.0,6.054800033569336
2025-01-16,122649.0,122660.0,120796.0,121234.0,6.012199878692627
2025-01-17,121258.0,122674.0,121074.0,122350.0,6.049900054931641
2025-01-20,122349.0,123098.0,121511.0,122543.0,6.066163063049316
2025-01-21,122850.0,123462.0,122290.0,123338.0,6.029799938201904
2025-01-22,123345.0,123865.0,122926.0,122972.0,6.020500183105469
2025-01-23,122965.0,123958.0,122159.0,122483.0,5.940299987792969
2025-01-24,122483.0,122908.0,122196.0,122447.0,5.923999786376953
2025-01-27,122443.0,124862.0,122207.0,124862.0,5.90910005569458
2025-01-28,124861.0,124881.0,123973.0,124056.0,5.892600059509277
2025-01-29,124056.0,124767.0,123278.0,123432.0,5.856100082397461
2025-01-30,123433.0,127169.0,123432.0,126913.0,5.8566999435424805
2025-01-31,126914.0,127532.0,126057.0,126135.0,5.874499797821045
2025-02-03,126135.0,126473.0,125566.0,125970.0,5.84060001373291
2025-02-04,125964.0,125964.0,124694.0,125147.0,5.80620002746582
2025-02-05,125146.0,125846.0,124637.0,125534.0,5.7571001052856445
2025-02-06,125531.0,126399.0,125249.0,126225.0,5.8028998374938965
2025-02-07,126219.0,126524.0,124320.0,124619.0,5.760499954223633
2025-02-10,124619.0,126386.0,124619.0,125572.0,5.803199768066406
2025-02-11,125571.0,126886.0,125570.0,126522.0,5.786900043487549
2025-02-12,126513.0,126513.0,124116.0,124380.0,5.764500141143799
2025-02-13,124372.0,124853.0,123778.0,124850.0,5.764400005340576
2025-02-14,124849.0,128482.0,124849.0,128219.0,5.766900062561035
2025-02-17,128229.0,129534.0,128229.0,128869.0,5.701200008392334
2025-02-18,128553.0,129294.0,128012.0,128532.0,5.712100028991699
2025-02-19,128528.0,128528.0,127028.0,127309.0,5.688600063323975
2025-02-20,127309.0,127871.0,127063.0,127601.0,5.720300197601318
2025-02-21,127601.0,127654.0,126483.0,127128.0,5.701300144195557
2025-02-24,127129.0,127275.0,125162.0,125401.0,5.730999946594238
2025-02-25,125401.0,126718.0,125382.0,125980.0,5.7778000831604
2025-02-26,125980.0,126563.0,124732.0,124769.0,5.740300178527832
2025-02-27,124768.0,125497.0,124352.0,124799.0,5.801700115203857
2025-02-28,124798.0,124916.0,122659.0,122799.0,5.839000225067139
2025-03-05,122799.0,123364.0,122747.0,123047.0,5.885700225830078
2025-03-06,123048.0,124112.0,122681.0,123358.0,5.740099906921387
2025-03-07,123357.0,125822.0,122530.0,125035.0,5.763000011444092
2025-03-10,125031.0,125031.0,123471.0,124519.0,5.782899856567383
2025-03-11,124519.0,124625.0,122636.0,123507.0,5.85290002822876
2025-03-12,123507.0,124048.0,122969.0,123864.0,5.808599948883057
2025-03-13,123863.0,125774.0,123590.0,125637.0,5.797800064086914
2025-03-14,125647.0,129194.0,125647.0,128957.0,5.798500061035156
2025-03-17,128959.0,131313.0,128957.0,130834.0,5.740600109100342
2025-03-18,130832.0,131834.0,130722.0,131475.0,5.678069114685059
2025-03-19,131476.0,132984.0,131451.0,132508.0,5.672100067138672
2025-03-20,132505.0,132713.0,131813.0,131955.0,5.648099899291992
2025-03-21,132005.0,132588.0,131776.0,132345.0,5.673900127410889
2025-03-24,132344.0,132424.0,130992.0,131321.0,5.729599952697754
2025-03-25,131327.0,133471.0,131325.0,132068.0,5.760799884796143
2025-03-26,132069.0,132984.0,132068.0,132520.0,5.698400020599365
2025-03-27,132522.0,133904.0,132479.0,133149.0,5.733500003814697
2025-03-28,133143.0,133143.0,131315.0,131902.0,5.739299774169922
2025-03-31,131900.0,131901.0,130115.0,130260.0,5.7581000328063965
2025-04-01,130267.0,131982.0,130081.0,131147.0,5.698400020599365
2025-04-02,131151.0,131424.0,130393.0,131190.0,5.681300163269043
2025-04-03,131185.0,132552.0,130182.0,131141.0,5.663700103759766
2025-04-04,131139.0,131139.0,126466.0,127256.0,5.6305999755859375
2025-04-07,127229.0,128411.0,123876.0,125588.0,5.840030193328857
2025-04-08,125588.0,127652.0,123454.0,123932.0,5.913599967956543
2025-04-09,123928.0,128649.0,122887.0,127796.0,6.013299942016602
2025-04-10,127796.0,127797.0,124895.0,126355.0,5.8180999755859375
2025-04-11,126355.0,128386.0,126078.0,127682.0,5.884300231933594
2025-04-14,127683.0,129955.0,127683.0,129454.0,5.864200115203857
2025-04-15,129452.0,129927.0,128951.0,129245.0,5.8541998863220215
2025-04-16,129245.0,129605.0,128149.0,128317.0,5.8846001625061035
2025-04-17,128316.0,130091.0,127973.0,129650.0,5.8653998374938965
2025-04-22,129650.0,130877.0,128726.0,130464.0,5.80709981918335
2025-04-23,130468.0,133318.0,130468.0,132216.0,5.719900131225586
2025-04-24,132245.0,134938.0,132223.0,134580.0,5.703400135040283
2025-04-25,134579.0,134992.0,134186.0,134739.0,5.678699970245361
2025-04-28,134741.0,135709.0,134711.0,135016.0,5.684700012207031
2025-04-29,135017.0,136150.0,134899.0,135093.0,5.652900218963623
2025-04-30,135094.0,135171.0,133955.0,135067.0,5.619999885559082
2025-05-02,135067.0,135275.0,134355.0,135134.0,5.67710018157959
2025-05-05,135131.0,135198.0,133390.0,133491.0,5.666900157928467
2025-05-06,133499.0,134135.0,133260.0,133516.0,5.686299800872803
2025-05-07,133517.0,134110.0,132872.0,133398.0,5.712800025939941
2025-05-08,133458.0,137635.0,133458.0,136232.0,5.74459981918335
2025-05-09,136232.0,137286.0,136105.0,136512.0,5.661600112915039
2025-05-12,136516.0,137519.0,136356.0,136563.0,5.648200035095215
2025-05-13,136565.0,139419.0,136550.0,138963.0,5.6697998046875
2025-05-14,138965.0,139362.0,138228.0,138423.0,5.60046911239624
2025-05-15,138425.0,139408.0,138321.0,139334.0,5.636499881744385
2025-05-16,139335.0,139335.0,137713.0,139187.0,5.681300163269043
2025-05-19,139186.0,140203.0,138587.0,139636.0,5.6586737632751465
2025-05-20,139636.0,140244.0,138966.0,140110.0,5.644499778747559
2025-05-21,140109.0,140109.0,137538.0,137881.0,5.667300224304199
2025-05-22,137881.0,138837.0,137088.0,137273.0,5.644700050354004
2025-05-23,137273.0,137824.0,134997.0,137824.0,5.71619987487793
2025-05-26,137824.0,138800.0,137795.0,138136.0,5.645199775695801
2025-05-27,138136.0,140382.0,138136.0,139541.0,5.666600227355957
2025-05-28,139541.0,139547.0,138580.0,138888.0,5.637400150299072
2025-05-29,138869.0,139108.0,137993.0,138534.0,5.688700199127197
2025-05-30,138546.0,138637.0,136726.0,137027.0,5.66510009765625
2025-06-02,137026.0,138471.0,136483.0,136787.0,5.720799922943115
2025-06-03,136787.0,137672.0,136175.0,137546.0,5.672399997711182
2025-06-04,137547.0,138797.0,136695.0,137002.0,5.637800216674805
2025-06-05,137003.0,137451.0,136031.0,136236.0,5.6321001052856445
2025-06-06,136236.0,136890.0,135601.0,136102.0,5.58459997177124
2025-06-09,136102.0,136106.0,134119.0,135699.0,5.562699794769287
2025-06-10,135716.0,137369.0,135716.0,136436.0,5.557000160217285
2025-06-11,136443.0,137531.0,135628.0,137128.0,5.5721001625061035
2025-06-12,137127.0,137931.0,136175.0,137800.0,5.535799980163574
2025-06-13,137800.0,137800.0,136586.0,137213.0,5.537300109863281
2025-06-16,137212.0,139988.0,137212.0,139256.0,5.538899898529053
2025-06-17,139256.0,139497.0,138293.0,138840.0,5.490799903869629
2025-06-18,138844.0,139161.0,138443.0,138717.0,5.493000030517578
2025-06-20,138715.0,138719.0,136815.0,137116.0,5.489999771118164
2025-06-23,137116.0,137130.0,135835.0,136551.0,5.518400192260742
2025-06-24,136552.0,138156.0,136254.0,137165.0,5.493800163269043
2025-06-25,137163.0,137163.0,135565.0,135767.0,5.510300159454346
2025-06-26,135767.0,137353.0,135756.0,137114.0,5.5578999519348145
2025-06-27,137113.0,137209.0,136469.0,136866.0,5.477099895477295
2025-06-30,136865.0,139103.0,136430.0,138855.0,5.478400230407715
2025-07-01,138855.0,139695.0,138855.0,139549.0,5.430200099945068
2025-07-02,139586.0,140049.0,138384.0,139051.0,5.458799839019775
2025-07-03,139051.0,141304.0,139051.0,140928.0,5.426400184631348
2025-07-04,140928.0,141537.0,140597.0,141478.0,5.409299850463867
2025-07-07,141265.0,141342.0,139295.0,139490.0,5.419400215148926
2025-07-08,139491.0,139591.0,138770.0,139303.0,5.48769998550415
2025-07-09,139303.0,139331.0,137299.0,137481.0,5.446100234985352
2025-07-10,137472.0,137472.0,136015.0,136743.0,5.5817999839782715
2025-07-11,136742.0,136742.0,135528.0,136187.0,5.531099796295166
2025-07-14,136187.0,136187.0,134840.0,135299.0,5.571899890899658
2025-07-15,135298.0,136022.0,134380.0,135250.0,5.586999893188477
2025-07-16,135250.0,135641.0,134265.0,135511.0,5.5510029792785645
2025-07-17,135515.0,135793.0,135016.0,135565.0,5.5665998458862305
2025-07-18,135563.0,135563.0,133296.0,133382.0,5.546599864959717
2025-07-21,133382.0,134865.0,133367.0,134167.0,5.578100204467773
2025-07-22,134180.0,135300.0,133986.0,134036.0,5.565499782562256
2025-07-23,134036.0,135782.0,133676.0,135368.0,5.563899993896484
2025-07-24,135357.0,135363.0,133648.0,133808.0,5.51639986038208
2025-07-25,133820.0,134204.0,133285.0,133524.0,5.519999980926514
2025-07-28,133538.0,133902.0,131550.0,132129.0,5.565199851989746
2025-07-29,132130.0,133346.0,132130.0,132726.0,5.5868000984191895
2025-07-30,132702.0,134368.0,131883.0,133990.0,5.573200225830078
2025-07-31,133987.0,133987.0,132096.0,133071.0,5.575399875640869
2025-08-01,132920.0,133237.0,132140.0,132437.0,5.598800182342529
2025-08-04,132440.0,133929.0,132440.0,132971.0,5.537899971008301
2025-08-05,132971.0,134233.0,132682.0,133151.0,5.496099948883057
2025-08-06,133169.0,135241.0,133169.0,134538.0,5.502999782562256
2025-08-07,134538.0,137007.0,134534.0,136528.0,5.458899974822998
2025-08-08,136526.0,136761.0,135659.0,135913.0,5.414299964904785
2025-08-11,135913.0,136307.0,135496.0,135623.0,5.432300090789795
2025-08-12,135629.0,138414.0,135629.0,137914.0,5.442299842834473
2025-08-13,137911.0,137913.0,136535.0,136687.0,5.401199817657471
2025-08-14,136681.0,137437.0,135588.0,136356.0,5.391200065612793
2025-08-15,136354.0,136431.0,135583.0,136341.0,5.40910005569458
2025-08-18,136341.0,137902.0,136341.0,137322.0,5.400400161743164
2025-08-19,137321.0,137321.0,133997.0,134432.0,5.435699939727783
2025-08-20,134431.0,134964.0,134122.0,134667.0,5.497600078582764
2025-08-21,134664.0,134837.0,133874.0,134511.0,5.469161033630371
2025-08-22,134512.0,138072.0,134512.0,137968.0,5.464799880981445
2025-08-25,137971.0,138890.0,137971.0,138025.0,5.421299934387207
2025-08-26,138026.0,138037.0,137059.0,137771.0,5.4096999168396
2025-08-27,137773.0,139281.0,137456.0,139206.0,5.43120002746582
2025-08-28,139206.0,142138.0,139206.0,141049.0,5.417699813842773
2025-08-29,141049.0,142379.0,141000.0,141422.0,5.413000106811523
2025-09-01,141423.0,141950.0,140878.0,141125.0,5.432400226593018
2025-09-02,141279.0,141279.0,139625.0,140335.0,5.438399791717529
2025-09-03,140332.0,140496.0,139582.0,139864.0,5.4670000076293945
2025-09-04,139832.0,141482.0,139832.0,140993.0,5.4481000900268555
2025-09-05,141004.0,143409.0,141004.0,142640.0,5.443999767303467
2025-09-08,142640.0,143089.0,141329.0,141792.0,5.412199974060059
2025-09-09,141794.0,142286.0,141606.0,141618.0,5.420300006866455
2025-09-10,141612.0,143182.0,141612.0,142349.0,5.433599948883057
2025-09-11,142349.0,144013.0,142349.0,143151.0,5.4019999504089355
2025-09-12,143151.0,143202.0,142241.0,142272.0,5.388199806213379
2025-09-15,142292.0,144194.0,142292.0,143547.0,5.35099983215332
2025-09-16,143547.0,144584.0,143547.0,144062.0,5.315199851989746
2025-09-17,144059.0,146331.0,143910.0,145594.0,5.29580020904541
2025-09-18,145594.0,145726.0,144993.0,145500.0,5.310100078582764
2025-09-19,145500.0,146399.0,145496.0,145865.0,5.304299831390381
2025-09-22,145864.0,145864.0,144117.0,145109.0,5.320499897003174
2025-09-23,145112.0,147179.0,145107.0,146425.0,5.3343000411987305
2025-09-24,146426.0,146585.0,146067.0,146492.0,5.281599998474121
2025-09-25,146492.0,146519.0,145187.0,145306.0,5.329899787902832
2025-09-26,145326.0,146235.0,145146.0,145447.0,5.363699913024902
2025-09-29,145447.0,147558.0,145447.0,146337.0,5.3422532081604
2025-09-30,146337.0,147578.0,145774.0,146237.0,5.321700096130371
2025-10-01,146237.0,146879.0,145193.0,145517.0,5.319499969482422
2025-10-02,145517.0,145621.0,143635.0,143950.0,5.328800201416016
2025-10-03,143950.0,144518.0,143676.0,144201.0,5.336599826812744
2025-10-06,144202.0,144532.0,143376.0,143608.0,5.33459997177124
2025-10-07,143606.0,143606.0,141035.0,141356.0,5.311200141906738
2025-10-08,141356.0,142385.0,141356.0,142145.0,5.353799819946289
2025-10-09,142148.0,143212.0,141603.0,141708.0,5.33519983291626
2025-10-10,141725.0,142274.0,140231.0,140680.0,5.377200126647949
2025-10-13,140682.0,142303.0,140682.0,141783.0,5.5229997634887695
2025-10-14,141788.0,142589.0,141334.0,141683.0,5.464099884033203
2025-10-15,141683.0,142905.0,141154.0,142604.0,5.481500148773193
2025-10-16,142604.0,143191.0,141446.0,142200.0,5.4492998123168945
2025-10-17,142200.0,143425.0,141248.0,143399.0,5.440814971923828
2025-10-20,143399.0,145216.0,143396.0,144509.0,5.406099796295166
2025-10-21,144509.0,144795.0,143829.0,144085.0,5.36870002746582
2025-10-22,144094.0,145048.0,144039.0,144873.0,5.38670015335083
2025-10-23,144881.0,146358.0,144881.0,145721.0,5.399400234222412
2025-10-24,145721.0,147240.0,145721.0,146172.0,5.382900238037109
2025-10-27,146174.0,147977.0,146174.0,146969.0,5.388299942016602
2025-10-28,146970.0,147811.0,146575.0,147429.0,5.373300075531006
2025-10-29,147430.0,149067.0,147430.0,148633.0,5.357399940490723
2025-10-30,148632.0,149234.0,147547.0,148780.0,5.357800006866455
2025-10-31,148774.0,149636.0,148774.0,149540.0,5.381999969482422
2025-11-03,149551.0,150761.0,149551.0,150454.0,5.374599933624268
2025-11-04,150454.0,150888.0,149979.0,150704.0,5.354899883270264
2025-11-05,150709.0,153583.0,150296.0,153294.0,5.395899772644043
2025-11-06,153297.0,154352.0,153235.0,153339.0,5.35860013961792
2025-11-07,153339.0,154066.0,152368.0,154064.0,5.3495001792907715
2025-11-10,154061.0,155601.0,154058.0,155257.0,5.330900192260742
2025-11-11,155257.0,158467.0,155252.0,157749.0,5.289700031280518
2025-11-12,157749.0,158134.0,156560.0,157633.0,5.270699977874756
2025-11-13,157633.0,158319.0,156509.0,157162.0,5.291299819946289
2025-11-14,157162.0,158366.0,156656.0,157739.0,5.296500205993652
2025-11-17,157742.0,157901.0,156568.0,156993.0,5.295599937438965
2025-11-18,156990.0,157040.0,155834.0,156522.0,5.329500198364258
2025-11-19,156522.0,156522.0,155212.0,155381.0,5.321499824523926
2025-11-21,155381.0,155387.0,153571.0,154770.0,5.332300186157227
2025-11-24,154769.0,155832.0,154529.0,155278.0,5.402100086212158
2025-11-25,155278.0,156373.0,154821.0,155910.0,5.3867998123168945
2025-11-26,155915.0,158714.0,155914.0,158555.0,5.37939977645874
2025-11-27,158554.0,158864.0,158167.0,158292.0,5.3308000564575195
2025-11-28,158358.0,159689.0,158078.0,159072.0,5.355400085449219
2025-12-01,159074.0,159224.0,158030.0,158611.0,5.335400104522705
2025-12-02,158612.0,161092.0,158612.0,161092.0,5.355800151824951
2025-12-03,161094.0,161964.0,161093.0,161755.0,5.326300144195557
2025-12-04,161760.0,164551.0,161759.0,164456.0,5.306099891662598
2025-12-05,164461.0,165036.0,157007.0,157369.0,5.309299945831299
2025-12-08,157369.0,159235.0,157369.0,158187.0,5.4380998611450195
2025-12-09,158187.0,158851.0,155188.0,157981.0,5.429999828338623
2025-12-10,157984.0,159691.0,157628.0,159075.0,5.43149995803833
2025-12-11,159072.0,159850.0,158098.0,159189.0,5.469799995422363
2025-12-12,159189.0,161263.0,159189.0,160766.0,5.4054999351501465
2025-12-15,160766.0,163073.0,160766.0,162482.0,5.4182000160217285
2025-12-16,162482.0,162482.0,158558.0,158578.0,5.413400173187256
2025-12-17,158578.0,158611.0,156351.0,157327.0,5.507500171661377
2025-12-18,157327.0,158496.0,157124.0,157923.0,5.518499851226807
2025-12-19,157928.0,159552.0,157906.0,158473.0,5.521299839019775
2025-12-22,158480.0,158634.0,157306.0,158142.0,5.53980016708374
2025-12-23,158144.0,160456.0,158144.0,160456.0,5.590000152587891
2025-12-26,160456.0,160913.0,159359.0,160897.0,5.519499778747559
2025-12-29,160897.0,161133.0,159702.0,160490.0,5.542500019073486
2025-12-30,160491.0,162075.0,160491.0,161125.0,5.5690999031066895
2026-01-02,161124.0,161957.0,160059.0,160539.0,5.517000198364258
2026-01-05,160542.0,162166.0,160215.0,161870.0,5.421599864959717
2026-01-06,161870.0,164135.0,161870.0,163664.0,5.40749979019165
2026-01-07,163661.0,163661.0,161746.0,161975.0,5.372000217437744
2026-01-08,161975.0,162937.0,161748.0,162937.0,5.383900165557861
2026-01-09,162938.0,164263.0,162638.0,163370.0,5.386600017547607
2026-01-12,163370.0,163493.0,162277.0,163150.0,5.370299816131592
2026-01-13,163146.265625,163146.265625,161910.796875,162082.078125,5.383200168609619
